address,tokenId,amount
0x7096129Cb2f7Cb633AB3236557A4C8Ec39dB92f0,174,34088547768761156000
0xca5Cfee3370d3f44C2639370aDc1bb165C6bC3b0,206,34839047449938952000
0x7e4999305858c4038E84A81179fdf3457e828792,488,6970526262813603000
0xdD53A599F2611Fa677170aB5D44e469a20Bc2Db3,190,64112102090541370000
0x30841cfdc1AB75360cdd86aC11d136FC5E99E9DA,1,62734724086700380000
0x2E75ED937Fe333F4D8983Ad29A24d0A6accEBc44,354,15180541686629390000
0x211868d6D3f58F5c6C140EC9376d1D1D2E9c6041,160,40834414157884140000
0xe66A57805CE0fF3c970ba065614960E3f99b689F,187,36942017859826520000
0x2e84cE625B694bC8bb3d7137eA1009801d51A5CF,389,68134148068032954000
0x102f0465c012b93c393a2ea762d216158aeBBD4e,360,8528445901808745000
0x3c78c278b836A6d17e67Bde5Ff47007302Fe9074,415,82444434273887130000
0x81e984eBdb285923508b5cb6a5405a1f0088b22F,489,57369510271785560000
0x06dd648dB81ee976a9e559CE6b40621d7181A2A8,205,95162459570370450000
0xde13b2dFf476E942442D9762A0230841f444F021,57,93690580809421160000
0xCA61e3Eeaa3BBbFcFada6D62572cEa4B9141841D,33,7349038803100760000
0x47Bb038383E3Bd8Af8578E958ca5d6219F5D7152,319,38408715992907160000
0xc164E827ecCD5fE2F70A3a22710b177E888e4c7f,183,38128710590533890000
0x285a2F7Cb9D4285Ea94E12a5a9a5ddd5db5A63FA,304,40188937130318545000
0x8746551Fd6A98aE9b3dCD620Ce7a342f2Ca460e5,403,30006233401731097000
0x8406e1adb0fC04286050A75adda9dF09F625336B,456,72733969241403740000
0x78722618CD0146Aed7639A6238F5e05092d7b20E,458,72931483962399875000
0x62D007942CA158464C3BAC2B4836771cE5cDE751,240,28499225175584720000
0x01cF1eeBcA1B7DF6D04d6b9c9133fF51e5541513,309,65476075833293775000
0xf7D143034bfACb1502d53973F61E0C180316B21E,313,87078883570090510000
0xe1bb8C17BE073Bc6481d7bEC91B99a015281220A,46,94702369487364500000
0x7Ae5BDE99C548Cc2C921E568B4dcDFDfAE8eA6d9,153,27191715361627054000
0x215D93a5B5c8b8DffafdD4523995C754a701833b,340,28087531777296527000
0x802438a401e30AcD3f149aeBf7612D8A305e55b9,105,83993897842641500000
0x68462B981EE30dDb503d737454A3DAEfE11d5b17,97,51383984992939810000
0xa4257f5E0F78fFA335dd7940df002D4CFcC8364b,344,2338174797714942500
0x703d411bF682Bd56d1204bEDE3e90edD9756CECb,247,73241749267742580000
0xFA08a9c7252B78D701745136230F86D008160327,264,72849703067454440000
0xC14A71Acb18c0c037Cf54Ab557C871ff92b0203B,317,41980402659322660000
0xa278EaF1c0559B19Fc9a7BEB8E6899631B56e5ea,170,81724154957982090000
0xf1b56B8EEd942425253Dac92fd35df18A45B8D89,460,43264601591959036000
0xbd7456f937c427f7FB3334062211D31458eC4378,297,61337961393553560000
0xa34C6c191883Fb344968E0050f20f2025ceCb971,5,98289263637197320000
0xFcb299f70821b51e6306c9E31fa08152a9E14555,269,69167778991925764000
0x882c7adCe0Ab6FD5275B4c206a3AA2EDd6E2e194,21,30302584502384520000
0xbBbaa9044Ba95D3CAdD9EC1B756A5C6fbC797dfB,341,93558967998320820000
0xD23a6A2c2A07708CCC5b4Be0316b61a66c804be8,171,16026431838429310000
0x4B4b6F1483d02711221107f433E2E2871B17cF5F,207,31902248746846820000
0xEDC0C6E916d38EDe28A93664D9327526696590F6,270,98519808268188630000
0x89C068df3160765B383CD8cEdB2818a4e7434CfB,221,14512974430166815000
0xE4f786b88944D11287A5444942E07F0f53a2bb56,173,33579844836691210000
0x93BB89ACE0244F38D102fa58F423Ab8b821D1ED8,56,99549192843810910000
0x6E43Ae84773c16D45D097264EcFed5F5A0739222,67,33630621303393804000
0xA0E01Dc7Ec875EccD97Ff206864b94Aa51Ace6a6,95,56856050775579710000
0xFe45ae84494648105dFd1823720DE00F2202CB0f,311,54859665590209470000
0x2C7ba8E9f74862E5a514Ea37637B7D519A381c9e,15,33788756071993940000
0x73EA3cecdb1a9E321fFc843E7aDd77daE39108c8,255,90784838162600640000
0x3cb5ea8487545550bc61543D00e926E0c793978C,337,92980099958354170000
0x35B972E5e8dF10E52E22fd31259207a06b40CbAD,381,89418074653307130000
0x0DC64419c43D7aA84BE8Cc64fCDFE1e52FA88c92,396,39868955919330150000
0x6266745665641862700CEe8ae6A0D77eB8A15991,50,87691395101987960000
0x82F0d6E506a9860FBCF26C761a351D79a10F671d,66,78720251467111900000
0x15476CD81d0aF5F30bB3B94a88713178d5dfC97f,166,82339632287307560000
0x9Ef6E24e4471fE62ccd7a96b9c8B54EcD6e0f234,281,93318902964795620000
0xEc73492275e6CD5bc0e95F493dA7dA3Be01e467C,163,64584083551503830000
0x50268bC201523502489e4d50507E1B354C58C0eA,147,95176919926537340000
0x5D7F6fD5289D020A5791226cc9D3A6466B3BC723,267,76700968419096770000
0x1F38027e82a22c14Ef0D3DC065d3fb249637C95a,284,37710527677786270000
0xAdaBC321b633C1E36982379497CC5aC1159D9676,424,10163971727543597000
0x431f26f899a243d2b8eE00880CD849dda5E893e3,158,41163898442373670000
0xfcFbB7983a9D82FB2b9356B1162Fc880ED98a8A7,185,58475493213044570000
0x1B24c28dAB3F48Bf500b54cD4103E1C8F3bc2b40,417,77777913017716440000
0xc9D0D4e349d0928874936d15EB224fA35da63773,383,37374067912542405000
0x28C8a6F7Bb485fb743ef6965B0b956f358CdA088,320,83656457746227430000
0xc222D50095cc60F231F4AdaC6ceD50553ce51910,365,6761319599761784000
0x2C48F21A35E60346e7DFD7765B973287b8eC1E19,177,86890972828902700000
0xaB7923903f8Be33a98177d6489E1DAd2e8639ED1,279,70072275230848156000
0x3d85b61D39Bd98C26cB56e0E938F3165B42A7211,136,52349459150313546000
0x9c0C60324e24c5ff6cB2E564506A778eFC4C3a5E,74,19762575997206745000
0xdB9a554F41031E00b1d9F4C88Ec363ae788110bC,260,21045690842763485000
0x356c5c4bB40fA8499239A22888436EF5Bd58393C,7,63409371913610310000
0x5C0fCB494d40Cf24cB80BCd279373F4697D26E40,142,73634328469736870000
0xD9B542268F4DCe61C67D600bd89b045f099D8497,289,53272838457614170000
0x82A199A977e72Dd2d10f03e7124f92606FC88DBa,113,99151942562492020000
0xE11D7AC6d9E5016576e15AaF14c7a8a69626E513,141,52504610450254830000
0x183CF9086c6631a37ba3dCbE952A2516D889e3Aa,446,86288614913697430000
0x3ca5512d4Fed7Ca3728AE02A90e590FE06FAfe5F,339,55088947319071080000
0x5D1c3d52897da27D55502251ECD612181d3C8939,282,14843719644499376000
0x2c8D840F75b3E63E2E2E71792E4B689b9E376CD4,380,53449429579660150000
0x09B4748deFACF31788E8104782E3b45CdFC19f29,197,42184636314992165000
0xb7Cd1C1955E75e20c10A99Dc4A8C98052073815D,395,1718388837771223000
0x444b539aeA5C684e20f4D64146B19B8315041D18,410,99401206613324190000
0x9A706dDACbe5b57F0DF293A0084714F7Bf646c7D,273,94798708369228120000
0x92785d29dBa941dB0C159c3ab5a5200eEa2B0DD4,268,76293478142074620000
0x0C13f4475Ba850805836ffd6dC40D8d1bB147cd6,167,79098367486772300000
0x89Dc3942ECE77d77B55a36365a2E876Dfe046888,18,25599220801614074000
0x481440A8738653B9987eD5C7dea9BDf00be5bB6b,298,39810966612928180000
0xB8fB7C9fde0855CaAdBBC2c6303a23D56b8FFd64,159,55580707367967500000
0x8858A4a60963527Ab39b32087E445f3fdcd65B64,213,33937379590243210000
0x007cBEACBe66E7f4B6eAc3e7e10a4a75F9858F1a,375,17648112286017792000
0x3FbD8095E65DE609e81e58cB5680c4C1f64c28eC,234,29992201507300155000
0x0aD034e80823eC3752aDe7D4c0E4aC7b04A9cb6a,318,99077303534625360000
0x302420326C4E78E2F58EFb314FC69CAaE731DC52,333,36127530648113290000
0x5BBC608F5d72c1b3Ce7FeB061bE4ebFdef89Cd9b,336,32279586209401123000
0xA3331708122284222A16Eb833Fb7E86daCE71422,439,26094344820559344000
0x14a0eD7650B42d09bb0d512c6018D8514955f5e5,287,56746846491678830000
0x33735CD32A8b9cfd063A12aD4a44e5bb02a6a4Fd,412,70683209946257850000
0xE347C9c2B0b53fc2E80910FB6ec2E0a2c91a7193,405,65479666092093830000
0x4fa8381D69E7b9317e9bD844aDE229433710aBe3,419,15081753851291159000
0x03833099F1B04b3256eFebDc886ad031D8333F27,291,63071478917480100000
0xdd48223928D6dDD7039e138095632c4b50764E8A,88,42586420984355390000
0x7ceE212Cf976f3e39e30Ec790C0F8ef6675831e6,486,87061131865617060000
0xAAb55e6aBdb2c3d5Ef62035f6cA93ea0134790F7,362,93192915500501190000
0x4B40C16Ac3dE50621253eDD77108e5e54515157D,251,87140237512115880000
0x84FC9925D514e34B4CC1FfD343E227bf60BdFCD8,31,57092268933994320000
0x22Ca8689B8075F753C63b783BD785293273532BB,16,87430638954067070000
0xf8fD494F4d72200FAcC733cF1b378C4BBCD8f59D,244,72151135898030285000
0x7B9a711819ac1859110Ed169dd5c0C3df582DAbe,212,85839530678916380000
0x4F50eD3e0Fb7034301Ce73782509aF34ad17D3a4,445,97185702424134530000
0xE80de185d86CBe152a22fEE57AA997d74a334e5f,201,43470112059156430000
0xEF9aA3F065E618FB30D55250476D4d7fe8e3f9B7,127,59062647851540680000
0x3eE38D166C721efcd2A038530BC70D0b4303f6B5,224,71950965360001250000
0xE07D94924BF2E640A0CD93545c06C25F9227F56c,481,16920743745214372000
0x453917d90e8533B71e49ACac5B5F089763Fbf96E,237,80146388630248830000
0x6dE999701C896786C14Ad9612cd180cc16439B34,388,51023869443976900000
0xeA5a599f9a44659b26cC34eFc5D49DF312fd2d4a,312,32461036586427163000
0x4E93A437c3047fe92301c5C873618247144d751e,193,23677717759653640000
0x4e00a9448d8e171d23657866c98A11e85826Bdfc,211,27549030306267120000
0x7C561d83f747b6b5490D409EF345f41c3d62dA1F,12,97779816402751550000
0x72413179a326d1c6e6dC03661ce06E3C2CF9A574,87,59860851145689710000
0xF1C5b7f8e48525fFf8525799e9882f83737a5f5A,447,67939374526415900000
0x347541cA9516794B1CBb92aF6b12720984e59785,44,60746618328297180000
0x4e41A860aC5a6a687b4cC7692a51D4211b1b32f7,235,12713028066696075000
0xB1ab5646541479A4D93c27dd8383F4037c27AD46,359,40461920043930810000
0xaADB1E697BaA30e7B70b80523eB7BbAf37c3a1CF,404,66347347888181110000
0x263E69261126cBD9C17f527bE5EECCC389f33462,117,44733187406434680000
0xf7a76a00C65130F7029A98F14C86552Efa535aBd,195,1061819210463443800
0x7c5d75Ad74E089bE484aaE70e1530db906B031cF,420,87051709690699070000
0x1A14472605E3836d28b46C8547a9e05DE8f0b063,233,52252559068751010000
0xAfA540216bfC9a42252aBA9504E82E7A7483D1A7,314,27077187519065027000
0x82e16964395A8c93b54F5532891b6dB49B325FEB,465,85707260481296200000
0x023E4945c3394E63b8B6d624b7523E2c5eE7b3a5,219,70348848876858080000
0xbb24BC5D57f006e30f264B1e5778C652DdDde9a6,483,25792302818768785000
0xBcCBe9e2DB62ECf4994601B64b75206A6fC04517,467,23105607052078293000
0x3761670c6652AE7339F38CE5DCcfD5A7b7B8dCEc,25,25557770966580870000
0x11748C3a3c3742d551CE89E33Eb826A93538Fb53,176,54144405612869110000
0xF1C2113cfB555b22eEff021FC98e2a98739819AB,214,71083837655985380000
0x44BE93c6DF6Ff615D42D36c9A7085Fe31B458c0A,53,95909843355722350000
0x24A9296339962eA0F52d304D89f950B6D372cA74,189,77977210650348910000
0x15Dc345cDC71eFf39C202074374F8C068E8Ebf02,103,93957910061001920000
0xCDf394A943641C49127F0570c0F6068C82FA8347,2,23940659052231550000
0x5f876b70a8ABB81cf9A521Ea62aEf1F325EecA61,26,19365668125576364000
0xe3aD5529D6110bCD4f10B385F71D4F0C68c0eE74,444,2403748547282869000
0xFa23d2C4b06bf970159a362CdAC407193E3cb31A,256,35708086791706894000
0xE8272AfeD74a72926dd06cd9412e1f7f2D0B7225,416,4316393577403810000
0xbD4b6d1E3ea1B620856F45Ea8De680ea2Bd36eb3,443,42483952485608415000
0xa1aab54dE9668D72986836C2B14d61C8eA44bC97,253,21285144318948946000
0x865458dd3e71A9907909445F35A5FA356da18EFc,210,66255330440273790000
0x1A81e7ee499249b4286839a289ef8e3b59579184,299,71684934589443670000
0x0379D183D2F9d6dc39f423Ef8302b8a6a3DDB75E,3,54312855986803560000
0xAfd4239A6c2Ab74dD2Ae4c7Cd3A37BF4a7aeC2bb,370,4876758947852599000
0xb6e793D3a4Da763EC0dbb5FE9287e46e4bc2550b,382,38134013438266280000
0x4874cC4B78e7C864125140E13bF06CB663a33245,135,25952448676171325000
0xAcCF11C0C5a254fe3203D51478689292D6D822Dd,48,60034987068346620000
0x615fEBFd69B745F890b9A2E0EA9dF9154e938F29,426,39343044136878950000
0xa48d75cD3C6A0cE76F52f88cCBAdbc2b3d507F0a,77,33682032453175560000
0x304EF8ABc68A7296c71cAc741F0B018645d196bD,178,32112924788748186000
0x220dAc5e8d520a5Cb832Daf487C1D61fd3437Fe9,324,12978221718588957000
0xe58143848C7b832Ae8ab60f21eA0aC3F0ee9C59b,79,90803642360290970000
0x914485A298A981D28c642CbB69F16064260d5D43,487,89466037427412250000
0x0D70191310Bc998946fe482845BbD5dc941b63C6,131,40923659771005650000
0x6bF443E40125402Cbd4d97E28DE6514D3e61a6Bf,146,85181180753690980000
0x289Ed3FAf9aB2eBC1E3aF650D4A129dEf32072B6,138,78057795250835100000
0xC0179C647b53404C012AeD672C38B1A44a660bC5,199,13295617689941897000
0xB1787bC1b22bc5C8779d0822cCb9abb8E664Ba87,90,92170108025031820000
0xbE9F797ff935F29930DBcABaB0Ab57d6a35Eb0C8,111,52775756218496080000
0x24Ec6d4BFA437b2D9A49C78fcAb3a253E1a242e9,122,20400385225032647000
0x9390247C8071a4b4648d89F4292d1720A2430122,261,80540662866769200000
0xceC364210e242970C55c42b11c131f9c7c5Cf0D4,226,69482282352906480000
0x63C40EDFD4f15E08511910F4a0e648eeb21D1229,34,30298938712850430000
0xB532003F8B6fC57B57A5547d9ff52FA04f406a0C,285,6943391893818141000
0xeAE56cC78Bf545e7F65993Bb5c713e00449E9B49,408,32120609955088876000
0x3Ff41EAB3cB0AFeB8AfB80C5ea10676c641ee7d2,325,72562670439664490000
0xd18eA2D8Ac070DCC968Ea6f3B86777B25d7d2ef9,302,23876617425328250000
0x18821b86b4265Cc00ab9F57FDb637Be6F2E69d2c,43,78672984881642540000
0xEDf2D4B08e9177c25d29De9a7e80503a200BdB7F,106,72944044318124840000
0xc781FA0F90eE87eB651C415Fe9205D8d730DE02a,188,17114533075106552000
0xff537aC05e78981c5999d978406533ed4e0Fb65A,64,23963423641605220000
0x5C16f47A8E9BE09be1EAA4b592aF107F07261772,223,46884804151866090000
0x80F224A46869f7DA13776EFa6500bD7705D31986,180,90981777651032590000
0xf7CCF7A29649D92B0D906d5AAbE1B18aa225ba0e,358,31776687582690697000
0x497E2a52CCE28B116c1c9067aCe60091430D6c02,497,59590031264140690000
0xdF919937a1A73E826C054dF501b407180B6451f8,500,22123967924297650000
0x8aB5acF6C36159B3c8059B16E76E81E1BDE216b3,47,56619443784720040000
0xCf07BA595f4f9D6a1869C0666cCba076887E65FD,165,91082778642408640000
0x522604fa3395c094be9406313C39302a7aE98333,229,88799328848408970000
0xc42561b87112B2D66F54463e08cc73115b67902a,120,22220005961863487000
0x07a08bdF697d17dd117F581e5b2F21e6591085BA,422,3860757608321652000
0x0879C064280eF10Ea3481f34Be8525D072CC2696,390,93413911673190580000
0xe13d0A6C2f8d319767DF6f68daAA667D231D5b02,208,3531705578536015400
0x46D9F8D629D8a4930903143Ad600358D0690e47C,220,33851166838204040000
0x3081AB304446c1aA1A016739A34F99e3AfD27F11,431,83647543634529880000
0x78264fff7B12d3Da18bf36C8fc9F1ae87C8be914,334,89068572434240980000
0x771697f517dF0fDcD6ab86859a301aA7A5D5182e,110,86859499499518590000
0x6ea93bA80Eb75bF8854fC725850048A32C7E67Fe,459,12915469487701770000
0x99c5F0AfBA0510C7C36f72FFCC8a3EE85624a3e6,346,82239331946098620000
0xD8876ae7A70D078F3ab55B818C0bf3079AaF8187,494,49600643542754976000
0xBeFf306e2813aDe064a0025457A0D6692559e41c,202,87102335064478710000
0xae731D8116bF8d566F76174C0C7828e5dd364f88,114,96385852561453600000
0x1c37778d7Ff1a126F4d2692575c3FcC26c5CAFf4,455,38846341297595720000
0x9CB4EA77F9a73489E7bF4333ADCFafC452b3a6d1,259,88569813568106890000
0x64B1871057e3A022513F76f854559f166463f3Ea,357,61381341373983810000
0x5E2b6eC3041657089022eef360CdB8e457809106,427,29483916838460770000
0x0381e51a2981d1b5Ad3eeCAB850eD6CE71e5CB3f,308,10832474282361870000
0x7a037F823A438901a3648C168fb685Ab109CB42C,482,46873022953357580000
0x22EaB6B6672030962A3020D473D9d3090C9748a1,328,9444921668997353000
0x1F164FcA051a4044C2505b088bC2951379fdc436,139,65818605184484190000
0xCA107B6F97bc657C957aD28913D79176180009FD,241,48656306269560170000
0xA5Bea46e33701F2279b8CC497c5AAe9a4d88Cf6e,461,55819515608174264000
0x7725c2E13e4011AA3Fb9DA98D9AE8e3c661086e5,364,57098858071312695000
0x3992e15b464330B7693a306b261cf60591660404,475,41434627345592530000
0x2DA4d4F2d60991B5c619aB09a9C3b9Ce7Dc29539,17,43184621199147700000
0x7D2EE06d2DbE8Ac855906BEAA44FB931872f91bA,101,13285459886016215000
0x9B84d8CB93141E1061f801ab98Ea987C778B2E1e,243,45202234351041650000
0xdD8596ad592d96169dCB1B350b14bab27d43DDBe,496,3582553221811402000
0xE087b485db1a9b49E23C2cc46Eef01fC7F9e73f9,452,62350736791711570000
0x9702d84ac33a4c8a7D1F03076004b12bF4F52B08,414,56234384758953260000
0x1832a4040ed3F288784693dBbDe30b5722cC493E,134,29643897504238727000
0x623bDbD518cfC1b0FF3A5b9e522Dc13c805f40e1,209,46243592466085180000
0x215E8F6b078f48E1500E741E6d0D63504b6047E1,409,1583006677573073400
0x9b0A98ee90493edD5517e1F31360eAD6a79D13c7,75,5706912137144715000
0x20eFB310c949ee8d12B7C29946D74694043c61A4,453,29065015957426434000
0x044Ca1eA994A9293206116639A7459cC64f4502B,27,35391975866200310000
0x705455fc1D955c875a7B0f7ABeEF0B00817f9e7b,271,35491803761681416000
0x98C207A3D82A3876BA5307a08a43248F2Bd1E482,232,17691185187786652000
0x158a08f1238b7f8fa5E8EA95C7520cEDc1E50E3d,471,54565191093954680000
0x54c081f2Ce2bcAdd9cd2618F5173d360511270de,250,94197146210460650000
0x4f0c42DEc04306C5cE36e67D9D5821a4e8a3723f,225,29578401949106790000
0xAa23eB73c721f9317E18E708D8Cfc71950e0b584,432,25385415292341220000
0x9506bc242549430F806e0f2cd760c35612aBeedD,125,75268421132200330000
0x18c007A6c98aE9e3df8eB757058D157a544549f8,69,60684419937223510000
0x276ee936615a95143c7a785A9281aCE82BC18Bd6,480,39822164085531140000
0x996A6C7e4810a5dBbAb7ec42f66A12Eef7BF3Be3,128,15726624005964607000
0x48f99B591B343C1Fb8E9f2bb9B851b39E83fEF39,82,29714703636035010000
0xc4E5b8C03B7e15511F87b121567589DE549975Ac,485,74523983644660150000
0x3e6281Ec5eF390bA7b866B7905d761941Cf6A721,330,13059041822267625000
0xA276fc4519ecDBbCC48947e7E5F8E39B6c81c30A,242,9829598970819654000
0xB175ab73EF84D20bA46a276Bc7Cd1cF1CE86F93F,296,60135646244056160000
0x2C6108Bc59D81EdEf28AaBA9b897eB7912721B63,164,30635032743006430000
0x034ff8101ba50800a0E4236d59ED425a86d5a513,239,25934900327736000000
0xD621e3CbF17b5440A96564E63b186B0C01FF63A6,137,58448656223876940000
0xA241A47Ae0c6Ce22eF637db3Bcc47Ae58ad5F17e,399,33960181530725954000
0x9eaa8eC28deB0F264EB0E73800271E788D83D8DB,457,72878151841315030000
0xcDA0F0139f029c5D4d0278E19823E86811501669,4,45930464284494720000
0xa9aA0Bc04b11bdF07CF0CacEc0732a0C67fFA1c8,355,14059435435055080000
0x84eE06082bC60588D08f24cDF9D0bD56164BcA10,283,1539091281577120800
0x8482BeE20ec7F4B5c508f4501D76cEc8CD93D289,28,99564395795414940000
0x8622eA85Aa48783f803B99cE43e371df42732832,329,63793425185937090000
0x5CE6289236d00BC92c19B5be558c0719201f72a2,9,14825361611827526000
0x35a038C453eC29E5b75fb0BA15f8b01979117751,29,26328537140706886000
0x1CEe2f643D1c488639E52fA93dA9950F28b35aB7,83,17871025724638433000
0xf6a73bBAd115852176B9961a2d4710c830eC423D,306,30535723313104925000
0x5c6dc33004942eDc53Bd2fC5eFB01cf55C6c1B21,65,13921812186877624000
0xE31db69cc65bd31dB4DBA1fC78D72E309d271191,307,82939180445665850000
0x72dcda6B117636dFe729979d25FB2e58F6Fa7Df1,288,8314393587416169000
0x5ff0D05407f9dB504Ebf4125461b736Be18648C0,132,91623868587533090000
0x922448a67261056C1Fe0C1993D4c940C0c0130cA,51,53720110200817300000
0xE7aCda7eE92902D85F2c773a844BeC82983895Dc,498,9245603747626730000
0x25FE8061610ab2887060EC9FA14e480533c3Db4b,368,25167916634282970000
0x9d61904b967CD5093a6FFA0184246d1D94Cbb238,366,97905453173419210000
0xD905641f2807317705500E25C7bC36e81aa8B916,143,9265836209933464000
0xe31DB4a4C9c535aED3200bDFE2787DFD7a5AbFA0,85,48498625364184740000
0xB01Ea75bC06647ae652Fd7a8ba276A5417B0B891,407,11354893003912458000
0x775463F5ceecF080401934bAd98d4E5Db489f6Ef,484,55751859373456040000
0x4d6E4627543be14ba7a17c9fb8B497A84235Ea5C,349,22336884333158170000
0x98D987C02Ea4A1aBFe74b23Db460583ca6a6AA0e,474,33721362136703115000
0x09a5770f683FaD054855C32b4C26DaF98c408E49,32,82704397885392390000
0xCdF739F416a2643Fb4a64F25a8ffEfADB21Bf0eb,352,85229854278981600000
0x70a8e0bBa39a900B875DE4eD5b87eb24aF89eC5E,437,62390799363754530000
0xF3CD0A4F0717eEa14e1F9FBB01d87e2Dc1F4Eb4f,493,38004543108918100000
0x51eA88120D50CCF76277a97Ca550C472f23e80f0,104,46015960501925030000
0xfB17843fd05858521602c9782cAbd7CD5e157e0F,394,98250030680086450000
0x0824d4d257045dAE913b7aB6594Da445F6bcE3Ff,121,91167120969323250000
0xA84150B10f1f0AC30020F68f40eE4D82cB5dD5E2,469,45354752568131970000
0x2B07D23527191A520bDf3221987137411C133ACA,184,35461542368401777000
0x81ea0EE1d940E98D3c17d206f08A92D66fc1bA34,112,41470805042259460000
0x09101e31575Dc0a75D86a7f8a6b4e82C0C77d51a,63,2141239754755730400
0xa3B7A4cF2FE58BF691D28e1a2EaA93300612BCD4,150,95932371671196730000
0x528edD1ACE6979538A06052354b61ee500B5B19F,168,74502650571050940000
0x570A2983c8B5aFaBC761fB19FE8d3Eb9961019A3,8,25651336206426833000
0x4E0e16DDFe40c402b41e909965DF7E98e1C28781,109,26279803939921752000
0xB13b3D27a1b351eb86a3152E3aDA27d0bf9FFb5a,490,93348216082956850000
0xf3693Cd12Ff22433620E3c20ff02056De2a4e7CA,303,17303234430002057000
0x30AaFb11DC74e67A1624057a9ECCaa0c4BB77Cf1,491,96531846638399000000
0x661C7d0Ef5b439B4C26A4afc604AE902e92DB936,274,83049608013207100000
0x73ed37d1228d4Cc97CF903C7F8fc4BDAef7D196f,59,34564035944557814000
0x92f77dA501ee989e5ba6c132856a3259796faB2C,92,92622141632472420000
0x10fDefA09703322370ABF369588B7FD3453a106D,400,39769408882448750000
0x1A955495CfcD31d76C56D1c8Da61beff7aC90a85,182,58291675053228540000
0x4eB6c67a190f99A489FBEFc9d451Fadd3dbb5BF6,192,12916109799246821000
0x598E169C042CB3cb94E8Ca23AA8De3Cda8bD329C,76,30743801343237775000
0xe6A2C510C250AaD4aA3C96a3Fe97f5701Dea7BE4,222,34032895822572495000
0x1D282650Bd6C7cf2A24C681CD24F37587B6cD92D,20,24300767836076200000
0x69EBb74dF75d4b90C7cAcfFa004dFc9fF7552978,84,82174500611991030000
0xA520C8E57DaF83e3Ee6392A905E50e317c6f4248,60,15200409782467727000
0xD633F2a0bcdDC9e694d62da4d953B32A4CeB9B94,62,75879755195030080000
0x608bc711EFe46cfCAa082364fF72E3935d0b8f91,294,43640071671453410000
0x0fF24D8022245CeBDb8C94338C10516b3879Ee62,275,43371448057726590000
0xe8F31363c7c11102d8AD2f8bA334AF7f74B48610,22,72212442403038060000
0x528B6Ff7260315bF053C6721dEd45fdAa8A892C9,322,6003497192583395000
0x0B3f8EF0569A478Af27c49556E5700ce560C5305,245,93270770892357070000
0xb9037dc7fdE603a707b3ef287f19a5F75Ff7cD52,406,82427754373969410000
0x7E185B717A054e80Bf2C012384d73486160F00ba,89,52472719343984010000
0x2c998300C69227CA5C79b30104c936AC77a13D3b,454,75305614866436080000
0x2166EC8D406cE868f0a6836b2aDC52e61B15351f,94,17592493834075306000
0x6C172E446D8Ea09d589474d3cE640fAb97E160D0,470,7083737844948268000
0x40656B6D902B3872A4C19a568375AF4564588A6c,376,47567449698693310
0x06483fd9d7f601910AA697F8C4d115798d8A8685,479,17341318649697878000
0x9eA0210a6377Be65f2a69C5080400e5D0a854aA6,126,46661107010759295000
0x63D6BcD39177EF69A98056bC93D4FCBeab377913,499,44600989354243146000
0x9F6c2344F9496c8b9629aCdc01Be7a2fB8C0e43B,58,33706883484456497000
0x395CDea96603d6818D2ac3827EA62Df3edef6d09,391,72455163165379520000
0x79887B4Be35513fF1608DBB9c6eEba4D2c53704E,157,16633400583436941000
0x65D62BB52389ffc75bB312394235C14d2c7257CA,52,22378393012562080000
0xB16942584a55F43c75e65ba92C88865b086d52b0,450,98470293720367070000
0xAFeFff11868478aE272c650d5417C5d7698D7Ee8,11,11652920792428500000
0x8142F2637756B875382453702b8ED3922aaf863d,218,59560030406388244000
0xe9c2f614d0E27F322dFaDA69C89Af9728342f8a9,429,78865293240405640000
0xc8311c802369F92Deb500c4451585bb3D78BB521,186,80039436997850300000
0xeC2f2E9DfAE784116625D139d502b5D3D97Fcd85,30,55480641639636020000
0x1cf8c471162D1292bf95a0451c7FfC768086abB2,198,38627304137393440000
0x8f5bA88d7FE59c8926725C4dF13afc6B03902F29,393,79617120661094580000
0xa7C71DE7DE37E35838f26f6266D426D9426D45d2,73,48917351105961180000
0x43cdaB61EbdBfdE823A6860f9AA1603D65c290D8,327,80943292093659000000
0xE96a1E2BA4f4ebb3d3aDa17c8ECaAFd2B3012ee6,156,7130630328537646000
0x980Ac829b13520F3Ec91890B40Bfa49C0358F174,144,41644796352901190000
0xc72DC463Fcd4d5Bd19c05851b62d34ea75d742e4,434,80056091592410320000
0xc5648a307e73AfCF327d48593C4e337B99CD442d,295,21612329093899610000
0x6Ebdb6503C3a090Ae807A538E04b16b64761aF31,398,84319891616504900000
0xdEB4E847822331258cf9daDe8093d4482D4A1604,418,85959520774150230000
0x8feb1B4Ff8D411FaE0BD4d95C3e4CB7C00bC6d1D,196,79463717375050510000
0xf12E4bCF4eF498d9e4E064fc6Ad697F082C35742,115,69758220294816330000
0xC673Db1d32aB2cEf97594822cAd5589AF91a3348,371,48760354759407720000
0xDAda0191A04A7F1766B5A01AC78FCb948f7B0FD9,152,64581947544345050000
0x1629806fF2d571C20Db16E01b5bD81F1a9c82d12,258,56174031937849090000
0xAD21A55632c1aBfA1BB939b16508602B81Fd5CD5,377,37102215941014530000
0x443BF506d417FCD4E0E3b0eabAdbe27e87513fDA,347,76797736700833420000
0x6e74E8810Ad67C1C173AeE770CFa00e160D8224c,249,7539600561005111000
0xD06bf60365dbA60D03a44922f11603fd6F9c66fD,316,9447119383575341000
0xadC496E218b4d90fec0ACD0411afc9078B467be4,262,19249990309945475000
0x0Bd19Ba2c165Ffa0251AB4a94756dB51D5882CCe,254,21366418891245620000
0xC06d94E9d3b71a9F4cb94082e04431AE30a161f8,13,44022184204275520000
0x73f8a9eC759Cf35ea8Ab64727Fe734EB2E7eF7a0,175,11190382886942607000
0x21A168c07eD6219EFc26DbF99468E60Bc114e7F2,191,10376697337702523000
0xfABD5AD400F249cAdCc0c00CC5023C152700aEa9,130,29634860805573628000
0x28B284b5AC0D51d1E0b17a3A7dd43Aae8780a0e2,476,82579070430590030000
0x09faA26eB042d9bA19Ea7195Ef451062aa4Eb113,343,96978001341865070000
0xd40D64c4e1fA227C9bBbe79f3aA0277E65E4A9a6,145,33041614279993725000
0xc7BBc7087F7b590fB095083f09b486Df8845Cdef,477,10309382839781134000
0x34007cCfDb71Fe2f62A1275593b6e3fE7cD15BFB,367,89819284301061730000
0xB7Bb486B8f5Aa7bE5020CFC9B5Ab7348AEc799cF,100,85789646398331980000
0x645ca302356F00e6A017a69E364A9fEBc9f2e0CF,54,59768589187481310000
0x7030080C7aefd4860235bbEc8355800C609abD85,55,95548471343578710000
0xfB721a6261dF08D768C6f85Cf40beD0886d007B5,428,19925586813960483000
0xB401a45b99A8302Af40C27176C26ae321B91CD5a,215,65238206116585790000
0xAB1286e0cF48347E5cC5b1601573fb2bcc5440E0,379,49821888448039076000
0x27b6B6a39800260dAf3AA5736CE6624eE24B1307,93,15970002879420985000
0x852B667d0dAc41C861d7017349D83100ad6f960d,72,69569443419539040000
0x204f332dB6080048719B16F9223782A72D336cA1,123,31210611253752640000
0xA2238EFA1297Cd5723b82edB7A3bA2Dd3aB42469,374,59867839735973585000
0xA142a9181AFeF477ee0879aB894358F03272aC50,80,69674997263528020000
0x24422F168d53B735aB228Fbd8C7E5068A7625Cf0,401,71093495138308500000
0x16E0FD91c1c7243f8927aF3Ff9F1c16Bc1E3dbB1,148,27967634807507500000
0x6c9e4f68D2BedbbA10c581D1144B0Ead9D5d62Ec,277,63978163231473830000
0x3b632736CDDAf4C15CcdD15980E884fD73ca2932,350,49867231956326250000
0x1201A07d2a88abb960F7f93a9b7aD5284C26e9B1,71,17546438451076330000
0xD1A2597eC5d855Db8f481ECC440B7Ce50866d399,119,44199265651242020000
0xc707A053f4B4A6c323a68EAd3b723464D31DCcAE,300,84447849628792210000
0x1F70374b963733dc0706510dB6e6E2046De37B06,263,60093960828126150000
0xDE1C035885feDcDeA8f9C824Cb5d5B1fa201a2aF,39,4977909348760057000
0x1875C8b6d94a621769A58387D5C4aeeb6Bcb56Cf,227,2239234038771487000
0x5C78b4296208e41b84244BFa7A15aCC942F5bc1b,98,14526726874086203000
0x90e79eA5C8a6aD2F2270B5C18f4A28009f9B0080,42,17663145704879323000
0x5094CbA456Ab426C58B1E1C94d0A375424219979,448,97187589890992600000
0x7571371e5e27a34BFB71834bC267F9b283aeA7Ca,91,61905399500639400000
0x0eCA7117892caD44397F524C067841E79a811cc3,246,865094573288693900
0xF56B52a81c4D0306edc0483A76009AA5B44c66a4,61,14529785210984182000
0x1D5708274E966cE704f3791ce07F8498eb52A638,378,9023740147870507000
0xdc45993CeD953C647141b71d5d5823FDfe40aAb5,373,2582278322320808000
0x4765b46DBe19B523041B2DCC7184f6795a69030f,301,3351999496467051000
0x66aE715f4E2B2B1EC4f2fbe5D7685917c98eB4A5,45,5645692370927225000
0x6322c9f8f6a29EeDdbB82916e34fd818C42aaa13,331,31006113138411573000
0x741eDB650A7381686e3df2AE00A3b7C9131eD585,335,56675384194610710000
0x44AeEAb0e6FE641FeA9ee5D16cDDA1C3F31cD828,430,5639562760452699000
0xaF02Aa2ECAA1eF5fd1Cc8Ef6C812238820820564,392,67164042058330020000
0x0bbba3c0CE57752e759676E1E2a4982f7B20024a,356,57669391773598910000
0xbF3138E6Df303f74B7A61837EB177C7A12cc2FbA,14,3674902824224380000
0x9CA6cE46395c0FB4fEaB4Ed6421181656b81256b,99,71155657474181450000
0x15C74e99E3d84Fd7e195Ef082c6131Cb60042F49,305,13030548305525635000
0x3f88cA2EdA1c01AFd52f922302520761446e102C,278,56956470326546230000
0xC2F4D7BD254892D0DA554aCaaf74fCB6ebA688B3,248,12696582827948410000
0x49024BF0743934eE1EAFF25E40a83B7222D17Fe3,116,21963292801170952000
0x061Ca5327AFA4b731E7e374786A62777e0F0A5aC,495,52825982846307330000
0xD4333e308496204F65597A89dcaEdca5e395d7BD,179,81837146660337580000
0x5C3C613b7094b9313E80002AD767B10A22ee7022,449,73303412510170540000
0xf0839030aacdfD8cD0a232Ca8d35dCdC7955a65c,293,24445120465812353000
0x76b89B93B6a6162742E9F1489264D8225b68CE80,40,38820992706631440000
0xcEb94bFC8901f215B6b7e750De5f6556201375C7,6,62527656457645600000
0x3aA20b5DA52fE4CDf64Fd39261098bd021e4E6a1,433,8118067296804576000
0xE940ea4B030E3d2Db34dA7a6e53d7eC61E37B33e,19,10775896129066620000
0xB6161925d7C001F6E0B2f891d42ba3aaD27E94eB,78,40277962771279995000
0x47087cEb338c032D37C8acb77ccb25eCB0463432,372,73961338487780150000
0xBFf541087Bc9278DB8a4f799CaAEE3731eE38587,102,95346798671705820000
0xE2E78394639DBE0cA34d581EE2F98c6A8860FC84,423,21237486559972553000
0x14648f103406027f6e4fCB7Be7c168384E050Da3,181,57871095390566380000
0x5AB5C0fBc6967c45c9e370f6176A61C94d78f207,286,36635148510902616000
0x472b337f48Ed16aAB57e0a6a3bCA9E3d8913eD27,257,92564405738123400000
0xDEB80f2C358E1267E71E0619C90D9554F66453b2,436,56566323430366560000
0x0daFd9247c893dA556869049352f25DE7C7590D4,161,93006534228460010000
0x23FF311c8732651058fCaEee8a995FF3fB06d2b1,107,54487943168082500000
0x970B313f3A2b35Cfdd23f18cCcEf2380D092bc55,353,71041128817937230000
0x6054cEb450EF0CA44b61E233801112B74d879066,108,43218366057270120000
0xE5927F4868eaC51f59bC06E223AaF63DBae24FF6,10,41960307214574576000
0x9F6dB67A2f507C61B9D377A1031f57DE543Df6B4,441,82731233071935550000
0xfcd2809e234CD8Ed7f37a8d8d15A412aD1E87BC2,23,60114421009607290000
0xC973BA8530adDa6862F363B51eF5AB4aab93c51E,172,51536879397687075000
0x87429acd9aE109369d7854FA9DAd474a7A8DdA2F,338,43283289148084310000
0x37960b116ED80c82d3E9155c381035B419887A75,162,69753925487850150000
0xD39953FBf8B5e8Cc685C2fc7202289754B8211D0,265,2903423979554898000
0x5A33f9592D8E09A079d96E9c2C2a3FA9e16D2DC2,332,43434892352888890000
0x25543D25232f5BF471FB98ebcaa3eef6A3Ed8642,442,52415143625928740000
0x85fAdD4f0E715D5C8a88f66D83c700c93E9FDB6F,86,12900361795915182000
0x148169313e4Bf7F4d3F477Fa0f05F59E2E756b82,387,8572646363393721000
0x03f2b6ca50D38778Ca6400F8198374447f391FD3,140,42475168047683260000
0x034004361F73D5f918d3De1230230e2ef0BA3cca,321,78553184137499020000
0x645acc441Ff276007080133972611C58C6244BfF,217,97543792243599750000
0x5912945E88b6750fB4B29330E1402C8edf655FA1,38,82442318072512280000
0xd2Bd2DbAC3AE6a20565bd080EeA3d3Bdc2f182D0,129,27073650805278347000
0x7c1B32A27F11B46B2dee61Ef30231E2612BF44Ba,438,7400387744241588000
0xcc25de14012cF1683127B5836367653Bba50b39D,151,62545370666072040000
0x68f2fA0C7EaB18AAA4B9EB8Be0fe649C945F0bbB,464,70943725455736970000
0x47E948Fe9a7AC0f5733e00F58014F106CF21be4e,472,27555859544809810000
0x7F1EbB2cdFfeCeB45A6338FF6BA74F2C27e6cc2B,204,9758446989794690000
0x65eFB1Cf6bFD64fD75C3E7ED0CB92cf5c30F580d,345,44552030250992500000
0xDadd1A69Fc24eE6C5D9C298DAB845A1a45371094,252,51563035648491495000
0x63Ba065D6c72e5D3988573eaed99BDD216338D04,133,65789978130784800000
0xF235C38D5e6818ae46F5478e04431A8BCF7ff9B9,421,47485105222500440000
0x00cbbbf7dd4061C3C3CEd98C33599195bc45C614,348,20930110126097070000
0xf5c07808B44B90275fBd79eDAadd6b166f9E903e,276,90905137577765180000
0xA96E97Ce2693CfAb4D78A99b721E874152FB6772,203,44165464313754970000
0x86F2F1722Ed626685018469d1638c4fbC6c801cD,290,97541014853759190000
0x38830A8b896E43D427c3E338170de8912dCA50a6,478,91720311456023170000
0xCf9ef984106350Ab0512B7d3b950bdf8B05Cb4A4,49,23318805210072790000
0x91Bb20c9b78847E4F28893571E2031733D64C40F,149,35322183886310076000
0x6efaA8B559ED474e105eEdDf6C4BeD2b8203B3C2,238,94514305152253970000
0xe29fb0cF81CA3861A5DB033910efD51b03603B3a,411,5341418376430718000
0x9D65C81551441519220d558e6674c091B4ef5b04,272,40878350520165016000
0xfCEbb204906D35437159627824827bE6f90cD762,200,15036514562395430000
0x8b2AEA0A8CFFb26Ff00d9cEd920EAec7B0ba647b,361,74359130138240320000
0xe33ee6282CFbe6f007453B46A846794cB9cD66e9,70,19477709102112350000
0xE6d250c702278396fC35b7519da12c20633AabcE,37,56292106193138560000
0x0cf991Cf61f74B60E1FC598b30BBe5334F6863CA,41,22498698177445390000
0xB20D87Ae8109daD5B48eFa8329Cc12726AB2E985,363,36500191174070660000
0x803E7794918A3C53D1E7f1F9Ec5e24A994884f3a,155,10229247751630234000
0x4a8170c734401E9ECCA6bE91ae69034bAE7943ae,266,93038626455198350000
0xdb2135c7EA5AE21E36046F0A7D48Ccf981D27Ea0,280,89678753240464240000
0xBE6A4a1cf453Cf96651523c6836C53678cE455a1,492,48305576298953980000
0x76A9838FcE428EC1041B49aC56f92F7ffaBA12dF,451,17797430777433920000
0x248f02153E0fB1c38cce77147A2d3D579a289Bc0,231,1070694094897950500
0x9D88c15debbF3738e25F83580864e0C8360BBEFf,216,72307152587957170000
0xae4D5CE7277f1Af1A2d4d8217DB5ff6B9c6e5914,466,35259460001084420000
0x6CA4cC2a1cDe5AEE52D1db385863C6cA7016ea76,323,72876481422407746000
0xD10DEeaFda0529AB1FcEB85144591B0D16f93B53,473,97364093064071970000
0xBA67cD40b9cFeAe61a85Cb37FA3D6624f1031EBe,326,78869671105526800000
0x9B403b75C7f1231283107E1E18A6e32DF2e9Dfef,24,43330304243936250000
0x70a110F9Fdc430DAaF2099956Db9fd479759C111,230,41364548302963770000
0x2b644f063E22E71b5Cbf75618a224FeA853724bA,315,16530277456526844000
0xd766aB787dfE6e4E35963B035DD723f7AB2A6152,81,53830633055568100000
0x459eF73f00cAfAE6f6A86CD812BC345279517D4f,425,40783402881180344000
0x8c37b1CF9B88a2A80d1297093AF3b8CBd628dC07,228,85542014023871150000
0x6D6069036fA8050A5d4F68A659D61122bD5A9003,351,21733874325722670000
0x49F067b7aB6e953E6aAf87165f30DfAA3f51Acc6,236,44992025124313440000
0x0E7E36aB33176992fd8832D61c4DAC9E63d4e652,342,96361764619721440000
0x6c3cEA7Ab5Ef3D7843CF425a18Edd54C9f396841,385,95364587829723920000
0x201b44Cd5841a9090324c7a7048E72000617AE08,36,42544918433073150000
0x38383D3fa986397A5B31376989B0846d451e8EB6,118,33392736953841394000
0x9675eaCb0985Bc6c1F6a43869712c090d332D7AE,463,3144302293871681500
0x6B3b74402D2E226a16F4f8787e46EE4e2F2dF73D,397,80368585177086790000
0x0aD1Dc2D60E8Fd8ef83741e90B80E037170bf5aa,310,49363967586706420000
0x8086a39606d88be5F2B6353Fe0E311F6234ed755,440,68333472174378680000
0xE4383EDf098dcDdd02718D0d5d89AD172308350B,124,28892428859890650000
0xcB9BFEb96e16582d720dE2c706eF08028e0A04c0,369,73918370629439860000
0x3374F6da43eFbDE4d58F32cF4260603Bbb7A2519,413,64596442205995720000
0xd67FB6d3ea3dF4A963361d605A4098Df4A79a62d,292,85117873619331550000
0x874e134E59C5cb48fE39f6415E02FDB619edC6c7,468,29638841345711686000
0x0A14b0129A49650D8E00B4c887BFF9af82114eFb,96,99404113576740450000
0xFEE10974074B44Ac79e692927E77fe4D9b54dc86,402,7536907811731219000
0xe9dea0fe2CCDB54d497A761e4eA7dE10b83DAe2a,386,86126186758661590000
0x09B7395B296c9828C6F726BEcec711E02d4C9D4b,169,21761142859359550000
0x77dB8B366D04d11fcB3108Bffd731fD90bA97343,68,87709451247059470000
0x3f185061587A5B2a451Dc281E806c838b070a1F3,435,3855918296049743000
0xF96f893f35a39e5633F142eAfFC28df823E5F9Ab,154,86934128024419550000
0x923B99C26Ec9B0b89a5932AC4a6C40a79b5eE1CD,384,25640685434643284000
0x1CEd6a08c07133E6247348573F8734295ba0d727,194,27421568013317767000
0x06C72FFe4709dB21e2D68a753B004Ee95dFBd75B,462,56153172641932026000
0x0FD5843b84CbECD4aDd5dBa28073fe3D2D065887,35,12577810189188220000